[
  {
    "id": 1,
    "title": "Holiday!",
    "description": "description",
    "start": "2022-10-10 10:00:00",
    "end": "2022-10-27 12:30:00",
    "link": ""
  },
  {
    "id": 2,
    "title": "second date",
    "description": "description",
    "start": "2022-11-03 10:00:00",
    "end": "2022-11-03 12:30:00",
    "link": ""
  },
  {
    "id": 2,
    "title": "third date",
    "description": "description",
    "start": "2022-11-03 13:00:00",
    "end": "2022-11-03 14:30:00",
    "link": ""
  }
]